[
  { "ibge_cod": "3100104", "state": "MG", "name": "Abadia dos Dourados" },
  { "ibge_cod": "3100203", "state": "MG", "name": "Abaeté" },
  { "ibge_cod": "3100302", "state": "MG", "name": "Abre Campo" },
  { "ibge_cod": "3100401", "state": "MG", "name": "Acaiaca" },
  { "ibge_cod": "3100500", "state": "MG", "name": "Açucena" },
  { "ibge_cod": "3100609", "state": "MG", "name": "Água Boa" },
  { "ibge_cod": "3100708", "state": "MG", "name": "Água Comprida" },
  { "ibge_cod": "3100807", "state": "MG", "name": "Aguanil" },
  { "ibge_cod": "3100906", "state": "MG", "name": "Águas Formosas" },
  { "ibge_cod": "3101003", "state": "MG", "name": "Águas Vermelhas" },
  { "ibge_cod": "3101102", "state": "MG", "name": "Aimorés" },
  { "ibge_cod": "3101201", "state": "MG", "name": "Aiuruoca" },
  { "ibge_cod": "3101300", "state": "MG", "name": "Alagoa" },
  { "ibge_cod": "3101409", "state": "MG", "name": "Albertina" },
  { "ibge_cod": "3101508", "state": "MG", "name": "Além Paraíba" },
  { "ibge_cod": "3101607", "state": "MG", "name": "Alfenas" },
  { "ibge_cod": "3101631", "state": "MG", "name": "Alfredo Vasconcelos" },
  { "ibge_cod": "3101706", "state": "MG", "name": "Almenara" },
  { "ibge_cod": "3101805", "state": "MG", "name": "Alpercata" },
  { "ibge_cod": "3101904", "state": "MG", "name": "Alpinópolis" },
  { "ibge_cod": "3102001", "state": "MG", "name": "Alterosa" },
  { "ibge_cod": "3102050", "state": "MG", "name": "Alto Caparaó" },
  { "ibge_cod": "3153509", "state": "MG", "name": "Alto Jequitibá" },
  { "ibge_cod": "3102100", "state": "MG", "name": "Alto Rio Doce" },
  { "ibge_cod": "3102209", "state": "MG", "name": "Alvarenga" },
  { "ibge_cod": "3102308", "state": "MG", "name": "Alvinópolis" },
  { "ibge_cod": "3102407", "state": "MG", "name": "Alvorada de Minas" },
  { "ibge_cod": "3102506", "state": "MG", "name": "Amparo do Serra" },
  { "ibge_cod": "3102605", "state": "MG", "name": "Andradas" },
  { "ibge_cod": "3102803", "state": "MG", "name": "Andrelândia" },
  { "ibge_cod": "3102852", "state": "MG", "name": "Angelândia" },
  { "ibge_cod": "3102902", "state": "MG", "name": "Antônio Carlos" },
  { "ibge_cod": "3103009", "state": "MG", "name": "Antônio Dias" },
  { "ibge_cod": "3103108", "state": "MG", "name": "Antônio Prado de Minas" },
  { "ibge_cod": "3103207", "state": "MG", "name": "Araçaí" },
  { "ibge_cod": "3103306", "state": "MG", "name": "Aracitaba" },
  { "ibge_cod": "3103405", "state": "MG", "name": "Araçuaí" },
  { "ibge_cod": "3103504", "state": "MG", "name": "Araguari" },
  { "ibge_cod": "3103603", "state": "MG", "name": "Arantina" },
  { "ibge_cod": "3103702", "state": "MG", "name": "Araponga" },
  { "ibge_cod": "3103751", "state": "MG", "name": "Araporã" },
  { "ibge_cod": "3103801", "state": "MG", "name": "Arapuá" },
  { "ibge_cod": "3103900", "state": "MG", "name": "Araújos" },
  { "ibge_cod": "3104007", "state": "MG", "name": "Araxá" },
  { "ibge_cod": "3104106", "state": "MG", "name": "Arceburgo" },
  { "ibge_cod": "3104205", "state": "MG", "name": "Arcos" },
  { "ibge_cod": "3104304", "state": "MG", "name": "Areado" },
  { "ibge_cod": "3104403", "state": "MG", "name": "Argirita" },
  { "ibge_cod": "3104452", "state": "MG", "name": "Aricanduva" },
  { "ibge_cod": "3104502", "state": "MG", "name": "Arinos" },
  { "ibge_cod": "3104601", "state": "MG", "name": "Astolfo Dutra" },
  { "ibge_cod": "3104700", "state": "MG", "name": "Ataléia" },
  { "ibge_cod": "3104809", "state": "MG", "name": "Augusto de Lima" },
  { "ibge_cod": "3104908", "state": "MG", "name": "Baependi" },
  { "ibge_cod": "3105004", "state": "MG", "name": "Baldim" },
  { "ibge_cod": "3105103", "state": "MG", "name": "Bambuí" },
  { "ibge_cod": "3105202", "state": "MG", "name": "Bandeira" },
  { "ibge_cod": "3105301", "state": "MG", "name": "Bandeira do Sul" },
  { "ibge_cod": "3105400", "state": "MG", "name": "Barão de Cocais" },
  { "ibge_cod": "3105509", "state": "MG", "name": "Barão de Monte Alto" },
  { "ibge_cod": "3105608", "state": "MG", "name": "Barbacena" },
  { "ibge_cod": "3105707", "state": "MG", "name": "Barra Longa" },
  { "ibge_cod": "3105905", "state": "MG", "name": "Barroso" },
  { "ibge_cod": "3106002", "state": "MG", "name": "Bela Vista de Minas" },
  { "ibge_cod": "3106101", "state": "MG", "name": "Belmiro Braga" },
  { "ibge_cod": "3106200", "state": "MG", "name": "Belo Horizonte" },
  { "ibge_cod": "3106309", "state": "MG", "name": "Belo Oriente" },
  { "ibge_cod": "3106408", "state": "MG", "name": "Belo Vale" },
  { "ibge_cod": "3106507", "state": "MG", "name": "Berilo" },
  { "ibge_cod": "3106655", "state": "MG", "name": "Berizal" },
  { "ibge_cod": "3106606", "state": "MG", "name": "Bertópolis" },
  { "ibge_cod": "3106705", "state": "MG", "name": "Betim" },
  { "ibge_cod": "3106804", "state": "MG", "name": "Bias Fortes" },
  { "ibge_cod": "3106903", "state": "MG", "name": "Bicas" },
  { "ibge_cod": "3107000", "state": "MG", "name": "Biquinhas" },
  { "ibge_cod": "3107109", "state": "MG", "name": "Boa Esperança" },
  { "ibge_cod": "3107208", "state": "MG", "name": "Bocaina de Minas" },
  { "ibge_cod": "3107307", "state": "MG", "name": "Bocaiúva" },
  { "ibge_cod": "3107406", "state": "MG", "name": "Bom Despacho" },
  { "ibge_cod": "3107505", "state": "MG", "name": "Bom Jardim de Minas" },
  { "ibge_cod": "3107604", "state": "MG", "name": "Bom Jesus da Penha" },
  { "ibge_cod": "3107703", "state": "MG", "name": "Bom Jesus do Amparo" },
  { "ibge_cod": "3107802", "state": "MG", "name": "Bom Jesus do Galho" },
  { "ibge_cod": "3107901", "state": "MG", "name": "Bom Repouso" },
  { "ibge_cod": "3108008", "state": "MG", "name": "Bom Sucesso" },
  { "ibge_cod": "3108107", "state": "MG", "name": "Bonfim" },
  { "ibge_cod": "3108206", "state": "MG", "name": "Bonfinópolis de Minas" },
  { "ibge_cod": "3108255", "state": "MG", "name": "Bonito de Minas" },
  { "ibge_cod": "3108305", "state": "MG", "name": "Borda da Mata" },
  { "ibge_cod": "3108404", "state": "MG", "name": "Botelhos" },
  { "ibge_cod": "3108503", "state": "MG", "name": "Botumirim" },
  { "ibge_cod": "3108701", "state": "MG", "name": "Brás Pires" },
  { "ibge_cod": "3108552", "state": "MG", "name": "Brasilândia de Minas" },
  { "ibge_cod": "3108602", "state": "MG", "name": "Brasília de Minas" },
  { "ibge_cod": "3108800", "state": "MG", "name": "Braúnas" },
  { "ibge_cod": "3108909", "state": "MG", "name": "Brazópolis" },
  { "ibge_cod": "3109006", "state": "MG", "name": "Brumadinho" },
  { "ibge_cod": "3109105", "state": "MG", "name": "Bueno Brandão" },
  { "ibge_cod": "3109204", "state": "MG", "name": "Buenópolis" },
  { "ibge_cod": "3109253", "state": "MG", "name": "Bugre" },
  { "ibge_cod": "3109303", "state": "MG", "name": "Buritis" },
  { "ibge_cod": "3109402", "state": "MG", "name": "Buritizeiro" },
  { "ibge_cod": "3109451", "state": "MG", "name": "Cabeceira Grande" },
  { "ibge_cod": "3109501", "state": "MG", "name": "Cabo Verde" },
  { "ibge_cod": "3109600", "state": "MG", "name": "Cachoeira da Prata" },
  { "ibge_cod": "3109709", "state": "MG", "name": "Cachoeira de Minas" },
  { "ibge_cod": "3102704", "state": "MG", "name": "Cachoeira de Pajeú" },
  { "ibge_cod": "3109808", "state": "MG", "name": "Cachoeira Dourada" },
  { "ibge_cod": "3109907", "state": "MG", "name": "Caetanópolis" },
  { "ibge_cod": "3110004", "state": "MG", "name": "Caeté" },
  { "ibge_cod": "3110103", "state": "MG", "name": "Caiana" },
  { "ibge_cod": "3110202", "state": "MG", "name": "Cajuri" },
  { "ibge_cod": "3110301", "state": "MG", "name": "Caldas" },
  { "ibge_cod": "3110400", "state": "MG", "name": "Camacho" },
  { "ibge_cod": "3110509", "state": "MG", "name": "Camanducaia" },
  { "ibge_cod": "3110608", "state": "MG", "name": "Cambuí" },
  { "ibge_cod": "3110707", "state": "MG", "name": "Cambuquira" },
  { "ibge_cod": "3110806", "state": "MG", "name": "Campanário" },
  { "ibge_cod": "3110905", "state": "MG", "name": "Campanha" },
  { "ibge_cod": "3111002", "state": "MG", "name": "Campestre" },
  { "ibge_cod": "3111101", "state": "MG", "name": "Campina Verde" },
  { "ibge_cod": "3111150", "state": "MG", "name": "Campo Azul" },
  { "ibge_cod": "3111200", "state": "MG", "name": "Campo Belo" },
  { "ibge_cod": "3111309", "state": "MG", "name": "Campo do Meio" },
  { "ibge_cod": "3111408", "state": "MG", "name": "Campo Florido" },
  { "ibge_cod": "3111507", "state": "MG", "name": "Campos Altos" },
  { "ibge_cod": "3111606", "state": "MG", "name": "Campos Gerais" },
  { "ibge_cod": "3111903", "state": "MG", "name": "Cana Verde" },
  { "ibge_cod": "3111705", "state": "MG", "name": "Canaã" },
  { "ibge_cod": "3111804", "state": "MG", "name": "Canápolis" },
  { "ibge_cod": "3112000", "state": "MG", "name": "Candeias" },
  { "ibge_cod": "3112059", "state": "MG", "name": "Cantagalo" },
  { "ibge_cod": "3112109", "state": "MG", "name": "Caparaó" },
  { "ibge_cod": "3112208", "state": "MG", "name": "Capela Nova" },
  { "ibge_cod": "3112307", "state": "MG", "name": "Capelinha" },
  { "ibge_cod": "3112406", "state": "MG", "name": "Capetinga" },
  { "ibge_cod": "3112505", "state": "MG", "name": "Capim Branco" },
  { "ibge_cod": "3112604", "state": "MG", "name": "Capinópolis" },
  { "ibge_cod": "3112653", "state": "MG", "name": "Capitão Andrade" },
  { "ibge_cod": "3112703", "state": "MG", "name": "Capitão Enéas" },
  { "ibge_cod": "3112802", "state": "MG", "name": "Capitólio" },
  { "ibge_cod": "3112901", "state": "MG", "name": "Caputira" },
  { "ibge_cod": "3113008", "state": "MG", "name": "Caraí" },
  { "ibge_cod": "3113107", "state": "MG", "name": "Caranaíba" },
  { "ibge_cod": "3113206", "state": "MG", "name": "Carandaí" },
  { "ibge_cod": "3113305", "state": "MG", "name": "Carangola" },
  { "ibge_cod": "3113404", "state": "MG", "name": "Caratinga" },
  { "ibge_cod": "3113503", "state": "MG", "name": "Carbonita" },
  { "ibge_cod": "3113602", "state": "MG", "name": "Careaçu" },
  { "ibge_cod": "3113701", "state": "MG", "name": "Carlos Chagas" },
  { "ibge_cod": "3113800", "state": "MG", "name": "Carmésia" },
  { "ibge_cod": "3113909", "state": "MG", "name": "Carmo da Cachoeira" },
  { "ibge_cod": "3114006", "state": "MG", "name": "Carmo da Mata" },
  { "ibge_cod": "3114105", "state": "MG", "name": "Carmo de Minas" },
  { "ibge_cod": "3114204", "state": "MG", "name": "Carmo do Cajuru" },
  { "ibge_cod": "3114303", "state": "MG", "name": "Carmo do Paranaíba" },
  { "ibge_cod": "3114402", "state": "MG", "name": "Carmo do Rio Claro" },
  { "ibge_cod": "3114501", "state": "MG", "name": "Carmópolis de Minas" },
  { "ibge_cod": "3114550", "state": "MG", "name": "Carneirinho" },
  { "ibge_cod": "3114600", "state": "MG", "name": "Carrancas" },
  { "ibge_cod": "3114709", "state": "MG", "name": "Carvalhópolis" },
  { "ibge_cod": "3114808", "state": "MG", "name": "Carvalhos" },
  { "ibge_cod": "3114907", "state": "MG", "name": "Casa Grande" },
  { "ibge_cod": "3115003", "state": "MG", "name": "Cascalho Rico" },
  { "ibge_cod": "3115102", "state": "MG", "name": "Cássia" },
  { "ibge_cod": "3115300", "state": "MG", "name": "Cataguases" },
  { "ibge_cod": "3115359", "state": "MG", "name": "Catas Altas" },
  { "ibge_cod": "3115409", "state": "MG", "name": "Catas Altas da Noruega" },
  { "ibge_cod": "3115458", "state": "MG", "name": "Catuji" },
  { "ibge_cod": "3115474", "state": "MG", "name": "Catuti" },
  { "ibge_cod": "3115508", "state": "MG", "name": "Caxambu" },
  { "ibge_cod": "3115607", "state": "MG", "name": "Cedro do Abaeté" },
  { "ibge_cod": "3115706", "state": "MG", "name": "Central de Minas" },
  { "ibge_cod": "3115805", "state": "MG", "name": "Centralina" },
  { "ibge_cod": "3115904", "state": "MG", "name": "Chácara" },
  { "ibge_cod": "3116001", "state": "MG", "name": "Chalé" },
  { "ibge_cod": "3116100", "state": "MG", "name": "Chapada do Norte" },
  { "ibge_cod": "3116159", "state": "MG", "name": "Chapada Gaúcha" },
  { "ibge_cod": "3116209", "state": "MG", "name": "Chiador" },
  { "ibge_cod": "3116308", "state": "MG", "name": "Cipotânea" },
  { "ibge_cod": "3116407", "state": "MG", "name": "Claraval" },
  { "ibge_cod": "3116506", "state": "MG", "name": "Claro dos Poções" },
  { "ibge_cod": "3116605", "state": "MG", "name": "Cláudio" },
  { "ibge_cod": "3116704", "state": "MG", "name": "Coimbra" },
  { "ibge_cod": "3116803", "state": "MG", "name": "Coluna" },
  { "ibge_cod": "3116902", "state": "MG", "name": "Comendador Gomes" },
  { "ibge_cod": "3117009", "state": "MG", "name": "Comercinho" },
  { "ibge_cod": "3117108", "state": "MG", "name": "Conceição da Aparecida" },
  { "ibge_cod": "3115201", "state": "MG", "name": "Conceição da Barra de Minas" },
  { "ibge_cod": "3117306", "state": "MG", "name": "Conceição das Alagoas" },
  { "ibge_cod": "3117207", "state": "MG", "name": "Conceição das Pedras" },
  { "ibge_cod": "3117405", "state": "MG", "name": "Conceição de Ipanema" },
  { "ibge_cod": "3117504", "state": "MG", "name": "Conceição do Mato Dentro" },
  { "ibge_cod": "3117603", "state": "MG", "name": "Conceição do Pará" },
  { "ibge_cod": "3117702", "state": "MG", "name": "Conceição do Rio Verde" },
  { "ibge_cod": "3117801", "state": "MG", "name": "Conceição dos Ouros" },
  { "ibge_cod": "3117836", "state": "MG", "name": "Cônego Marinho" },
  { "ibge_cod": "3117876", "state": "MG", "name": "Confins" },
  { "ibge_cod": "3117900", "state": "MG", "name": "Congonhal" },
  { "ibge_cod": "3118007", "state": "MG", "name": "Congonhas" },
  { "ibge_cod": "3118106", "state": "MG", "name": "Congonhas do Norte" },
  { "ibge_cod": "3118205", "state": "MG", "name": "Conquista" },
  { "ibge_cod": "3118304", "state": "MG", "name": "Conselheiro Lafaiete" },
  { "ibge_cod": "3118403", "state": "MG", "name": "Conselheiro Pena" },
  { "ibge_cod": "3118502", "state": "MG", "name": "Consolação" },
  { "ibge_cod": "3118601", "state": "MG", "name": "Contagem" },
  { "ibge_cod": "3118700", "state": "MG", "name": "Coqueiral" },
  { "ibge_cod": "3118809", "state": "MG", "name": "Coração de Jesus" },
  { "ibge_cod": "3118908", "state": "MG", "name": "Cordisburgo" },
  { "ibge_cod": "3119005", "state": "MG", "name": "Cordislândia" },
  { "ibge_cod": "3119104", "state": "MG", "name": "Corinto" },
  { "ibge_cod": "3119203", "state": "MG", "name": "Coroaci" },
  { "ibge_cod": "3119302", "state": "MG", "name": "Coromandel" },
  { "ibge_cod": "3119401", "state": "MG", "name": "Coronel Fabriciano" },
  { "ibge_cod": "3119500", "state": "MG", "name": "Coronel Murta" },
  { "ibge_cod": "3119609", "state": "MG", "name": "Coronel Pacheco" },
  { "ibge_cod": "3119708", "state": "MG", "name": "Coronel Xavier Chaves" },
  { "ibge_cod": "3119807", "state": "MG", "name": "Córrego Danta" },
  { "ibge_cod": "3119906", "state": "MG", "name": "Córrego do Bom Jesus" },
  { "ibge_cod": "3119955", "state": "MG", "name": "Córrego Fundo" },
  { "ibge_cod": "3120003", "state": "MG", "name": "Córrego Novo" },
  { "ibge_cod": "3120102", "state": "MG", "name": "Couto de Magalhães de Minas" },
  { "ibge_cod": "3120151", "state": "MG", "name": "Crisólita" },
  { "ibge_cod": "3120201", "state": "MG", "name": "Cristais" },
  { "ibge_cod": "3120300", "state": "MG", "name": "Cristália" },
  { "ibge_cod": "3120409", "state": "MG", "name": "Cristiano Otoni" },
  { "ibge_cod": "3120508", "state": "MG", "name": "Cristina" },
  { "ibge_cod": "3120607", "state": "MG", "name": "Crucilândia" },
  { "ibge_cod": "3120706", "state": "MG", "name": "Cruzeiro da Fortaleza" },
  { "ibge_cod": "3120805", "state": "MG", "name": "Cruzília" },
  { "ibge_cod": "3120839", "state": "MG", "name": "Cuparaque" },
  { "ibge_cod": "3120870", "state": "MG", "name": "Curral de Dentro" },
  { "ibge_cod": "3120904", "state": "MG", "name": "Curvelo" },
  { "ibge_cod": "3121001", "state": "MG", "name": "Datas" },
  { "ibge_cod": "3121100", "state": "MG", "name": "Delfim Moreira" },
  { "ibge_cod": "3121209", "state": "MG", "name": "Delfinópolis" },
  { "ibge_cod": "3121258", "state": "MG", "name": "Delta" },
  { "ibge_cod": "3121308", "state": "MG", "name": "Descoberto" },
  { "ibge_cod": "3121407", "state": "MG", "name": "Desterro de Entre Rios" },
  { "ibge_cod": "3121506", "state": "MG", "name": "Desterro do Melo" },
  { "ibge_cod": "3121605", "state": "MG", "name": "Diamantina" },
  { "ibge_cod": "3121704", "state": "MG", "name": "Diogo de Vasconcelos" },
  { "ibge_cod": "3121803", "state": "MG", "name": "Dionísio" },
  { "ibge_cod": "3121902", "state": "MG", "name": "Divinésia" },
  { "ibge_cod": "3122009", "state": "MG", "name": "Divino" },
  { "ibge_cod": "3122108", "state": "MG", "name": "Divino das Laranjeiras" },
  { "ibge_cod": "3122207", "state": "MG", "name": "Divinolândia de Minas" },
  { "ibge_cod": "3122306", "state": "MG", "name": "Divinópolis" },
  { "ibge_cod": "3122355", "state": "MG", "name": "Divisa Alegre" },
  { "ibge_cod": "3122405", "state": "MG", "name": "Divisa Nova" },
  { "ibge_cod": "3122454", "state": "MG", "name": "Divisópolis" },
  { "ibge_cod": "3122470", "state": "MG", "name": "Dom Bosco" },
  { "ibge_cod": "3122504", "state": "MG", "name": "Dom Cavati" },
  { "ibge_cod": "3122603", "state": "MG", "name": "Dom Joaquim" },
  { "ibge_cod": "3122702", "state": "MG", "name": "Dom Silvério" },
  { "ibge_cod": "3122801", "state": "MG", "name": "Dom Viçoso" },
  { "ibge_cod": "3122900", "state": "MG", "name": "Dona Eusébia" },
  { "ibge_cod": "3123007", "state": "MG", "name": "Dores de Campos" },
  { "ibge_cod": "3123106", "state": "MG", "name": "Dores de Guanhães" },
  { "ibge_cod": "3123205", "state": "MG", "name": "Dores do Indaiá" },
  { "ibge_cod": "3123304", "state": "MG", "name": "Dores do Turvo" },
  { "ibge_cod": "3123403", "state": "MG", "name": "Doresópolis" },
  { "ibge_cod": "3123502", "state": "MG", "name": "Douradoquara" },
  { "ibge_cod": "3123528", "state": "MG", "name": "Durandé" },
  { "ibge_cod": "3123601", "state": "MG", "name": "Elói Mendes" },
  { "ibge_cod": "3123700", "state": "MG", "name": "Engenheiro Caldas" },
  { "ibge_cod": "3123809", "state": "MG", "name": "Engenheiro Navarro" },
  { "ibge_cod": "3123858", "state": "MG", "name": "Entre Folhas" },
  { "ibge_cod": "3123908", "state": "MG", "name": "Entre Rios de Minas" },
  { "ibge_cod": "3124005", "state": "MG", "name": "Ervália" },
  { "ibge_cod": "3124104", "state": "MG", "name": "Esmeraldas" },
  { "ibge_cod": "3124203", "state": "MG", "name": "Espera Feliz" },
  { "ibge_cod": "3124302", "state": "MG", "name": "Espinosa" },
  { "ibge_cod": "3124401", "state": "MG", "name": "Espírito Santo do Dourado" },
  { "ibge_cod": "3124500", "state": "MG", "name": "Estiva" },
  { "ibge_cod": "3124609", "state": "MG", "name": "Estrela Dalva" },
  { "ibge_cod": "3124708", "state": "MG", "name": "Estrela do Indaiá" },
  { "ibge_cod": "3124807", "state": "MG", "name": "Estrela do Sul" },
  { "ibge_cod": "3124906", "state": "MG", "name": "Eugenópolis" },
  { "ibge_cod": "3125002", "state": "MG", "name": "Ewbank da Câmara" },
  { "ibge_cod": "3125101", "state": "MG", "name": "Extrema" },
  { "ibge_cod": "3125200", "state": "MG", "name": "Fama" },
  { "ibge_cod": "3125309", "state": "MG", "name": "Faria Lemos" },
  { "ibge_cod": "3125408", "state": "MG", "name": "Felício dos Santos" },
  { "ibge_cod": "3125606", "state": "MG", "name": "Felisburgo" },
  { "ibge_cod": "3125705", "state": "MG", "name": "Felixlândia" },
  { "ibge_cod": "3125804", "state": "MG", "name": "Fernandes Tourinho" },
  { "ibge_cod": "3125903", "state": "MG", "name": "Ferros" },
  { "ibge_cod": "3125952", "state": "MG", "name": "Fervedouro" },
  { "ibge_cod": "3126000", "state": "MG", "name": "Florestal" },
  { "ibge_cod": "3126109", "state": "MG", "name": "Formiga" },
  { "ibge_cod": "3126208", "state": "MG", "name": "Formoso" },
  { "ibge_cod": "3126307", "state": "MG", "name": "Fortaleza de Minas" },
  { "ibge_cod": "3126406", "state": "MG", "name": "Fortuna de Minas" },
  { "ibge_cod": "3126505", "state": "MG", "name": "Francisco Badaró" },
  { "ibge_cod": "3126604", "state": "MG", "name": "Francisco Dumont" },
  { "ibge_cod": "3126703", "state": "MG", "name": "Francisco Sá" },
  { "ibge_cod": "3126752", "state": "MG", "name": "Franciscópolis" },
  { "ibge_cod": "3126802", "state": "MG", "name": "Frei Gaspar" },
  { "ibge_cod": "3126901", "state": "MG", "name": "Frei Inocêncio" },
  { "ibge_cod": "3126950", "state": "MG", "name": "Frei Lagonegro" },
  { "ibge_cod": "3127008", "state": "MG", "name": "Fronteira" },
  { "ibge_cod": "3127057", "state": "MG", "name": "Fronteira dos Vales" },
  { "ibge_cod": "3127073", "state": "MG", "name": "Fruta de Leite" },
  { "ibge_cod": "3127107", "state": "MG", "name": "Frutal" },
  { "ibge_cod": "3127206", "state": "MG", "name": "Funilândia" },
  { "ibge_cod": "3127305", "state": "MG", "name": "Galiléia" },
  { "ibge_cod": "3127339", "state": "MG", "name": "Gameleiras" },
  { "ibge_cod": "3127354", "state": "MG", "name": "Glaucilândia" },
  { "ibge_cod": "3127370", "state": "MG", "name": "Goiabeira" },
  { "ibge_cod": "3127388", "state": "MG", "name": "Goianá" },
  { "ibge_cod": "3127404", "state": "MG", "name": "Gonçalves" },
  { "ibge_cod": "3127503", "state": "MG", "name": "Gonzaga" },
  { "ibge_cod": "3127602", "state": "MG", "name": "Gouveia" },
  { "ibge_cod": "3127701", "state": "MG", "name": "Governador Valadares" },
  { "ibge_cod": "3127800", "state": "MG", "name": "Grão Mogol" },
  { "ibge_cod": "3127909", "state": "MG", "name": "Grupiara" },
  { "ibge_cod": "3128006", "state": "MG", "name": "Guanhães" },
  { "ibge_cod": "3128105", "state": "MG", "name": "Guapé" },
  { "ibge_cod": "3128204", "state": "MG", "name": "Guaraciaba" },
  { "ibge_cod": "3128253", "state": "MG", "name": "Guaraciama" },
  { "ibge_cod": "3128303", "state": "MG", "name": "Guaranésia" },
  { "ibge_cod": "3128402", "state": "MG", "name": "Guarani" },
  { "ibge_cod": "3128501", "state": "MG", "name": "Guarará" },
  { "ibge_cod": "3128600", "state": "MG", "name": "Guarda-Mor" },
  { "ibge_cod": "3128709", "state": "MG", "name": "Guaxupé" },
  { "ibge_cod": "3128808", "state": "MG", "name": "Guidoval" },
  { "ibge_cod": "3128907", "state": "MG", "name": "Guimarânia" },
  { "ibge_cod": "3129004", "state": "MG", "name": "Guiricema" },
  { "ibge_cod": "3129103", "state": "MG", "name": "Gurinhatã" },
  { "ibge_cod": "3129202", "state": "MG", "name": "Heliodora" },
  { "ibge_cod": "3129301", "state": "MG", "name": "Iapu" },
  { "ibge_cod": "3129400", "state": "MG", "name": "Ibertioga" },
  { "ibge_cod": "3129509", "state": "MG", "name": "Ibiá" },
  { "ibge_cod": "3129608", "state": "MG", "name": "Ibiaí" },
  { "ibge_cod": "3129657", "state": "MG", "name": "Ibiracatu" },
  { "ibge_cod": "3129707", "state": "MG", "name": "Ibiraci" },
  { "ibge_cod": "3129806", "state": "MG", "name": "Ibirité" },
  { "ibge_cod": "3129905", "state": "MG", "name": "Ibitiúra de Minas" },
  { "ibge_cod": "3130002", "state": "MG", "name": "Ibituruna" },
  { "ibge_cod": "3130051", "state": "MG", "name": "Icaraí de Minas" },
  { "ibge_cod": "3130101", "state": "MG", "name": "Igarapé" },
  { "ibge_cod": "3130200", "state": "MG", "name": "Igaratinga" },
  { "ibge_cod": "3130309", "state": "MG", "name": "Iguatama" },
  { "ibge_cod": "3130408", "state": "MG", "name": "Ijaci" },
  { "ibge_cod": "3130507", "state": "MG", "name": "Ilicínea" },
  { "ibge_cod": "3130556", "state": "MG", "name": "Imbé de Minas" },
  { "ibge_cod": "3130606", "state": "MG", "name": "Inconfidentes" },
  { "ibge_cod": "3130655", "state": "MG", "name": "Indaiabira" },
  { "ibge_cod": "3130705", "state": "MG", "name": "Indianópolis" },
  { "ibge_cod": "3130804", "state": "MG", "name": "Ingaí" },
  { "ibge_cod": "3130903", "state": "MG", "name": "Inhapim" },
  { "ibge_cod": "3131000", "state": "MG", "name": "Inhaúma" },
  { "ibge_cod": "3131109", "state": "MG", "name": "Inimutaba" },
  { "ibge_cod": "3131158", "state": "MG", "name": "Ipaba" },
  { "ibge_cod": "3131208", "state": "MG", "name": "Ipanema" },
  { "ibge_cod": "3131307", "state": "MG", "name": "Ipatinga" },
  { "ibge_cod": "3131406", "state": "MG", "name": "Ipiaçu" },
  { "ibge_cod": "3131505", "state": "MG", "name": "Ipuiúna" },
  { "ibge_cod": "3131604", "state": "MG", "name": "Iraí de Minas" },
  { "ibge_cod": "3131703", "state": "MG", "name": "Itabira" },
  { "ibge_cod": "3131802", "state": "MG", "name": "Itabirinha" },
  { "ibge_cod": "3131901", "state": "MG", "name": "Itabirito" },
  { "ibge_cod": "3132008", "state": "MG", "name": "Itacambira" },
  { "ibge_cod": "3132107", "state": "MG", "name": "Itacarambi" },
  { "ibge_cod": "3132206", "state": "MG", "name": "Itaguara" },
  { "ibge_cod": "3132305", "state": "MG", "name": "Itaipé" },
  { "ibge_cod": "3132404", "state": "MG", "name": "Itajubá" },
  { "ibge_cod": "3132503", "state": "MG", "name": "Itamarandiba" },
  { "ibge_cod": "3132602", "state": "MG", "name": "Itamarati de Minas" },
  { "ibge_cod": "3132701", "state": "MG", "name": "Itambacuri" },
  { "ibge_cod": "3132800", "state": "MG", "name": "Itambé do Mato Dentro" },
  { "ibge_cod": "3132909", "state": "MG", "name": "Itamogi" },
  { "ibge_cod": "3133006", "state": "MG", "name": "Itamonte" },
  { "ibge_cod": "3133105", "state": "MG", "name": "Itanhandu" },
  { "ibge_cod": "3133204", "state": "MG", "name": "Itanhomi" },
  { "ibge_cod": "3133303", "state": "MG", "name": "Itaobim" },
  { "ibge_cod": "3133402", "state": "MG", "name": "Itapagipe" },
  { "ibge_cod": "3133501", "state": "MG", "name": "Itapecerica" },
  { "ibge_cod": "3133600", "state": "MG", "name": "Itapeva" },
  { "ibge_cod": "3133709", "state": "MG", "name": "Itatiaiuçu" },
  { "ibge_cod": "3133758", "state": "MG", "name": "Itaú de Minas" },
  { "ibge_cod": "3133808", "state": "MG", "name": "Itaúna" },
  { "ibge_cod": "3133907", "state": "MG", "name": "Itaverava" },
  { "ibge_cod": "3134004", "state": "MG", "name": "Itinga" },
  { "ibge_cod": "3134103", "state": "MG", "name": "Itueta" },
  { "ibge_cod": "3134202", "state": "MG", "name": "Ituiutaba" },
  { "ibge_cod": "3134301", "state": "MG", "name": "Itumirim" },
  { "ibge_cod": "3134400", "state": "MG", "name": "Iturama" },
  { "ibge_cod": "3134509", "state": "MG", "name": "Itutinga" },
  { "ibge_cod": "3134608", "state": "MG", "name": "Jaboticatubas" },
  { "ibge_cod": "3134707", "state": "MG", "name": "Jacinto" },
  { "ibge_cod": "3134806", "state": "MG", "name": "Jacuí" },
  { "ibge_cod": "3134905", "state": "MG", "name": "Jacutinga" },
  { "ibge_cod": "3135001", "state": "MG", "name": "Jaguaraçu" },
  { "ibge_cod": "3135050", "state": "MG", "name": "Jaíba" },
  { "ibge_cod": "3135076", "state": "MG", "name": "Jampruca" },
  { "ibge_cod": "3135100", "state": "MG", "name": "Janaúba" },
  { "ibge_cod": "3135209", "state": "MG", "name": "Januária" },
  { "ibge_cod": "3135308", "state": "MG", "name": "Japaraíba" },
  { "ibge_cod": "3135357", "state": "MG", "name": "Japonvar" },
  { "ibge_cod": "3135407", "state": "MG", "name": "Jeceaba" },
  { "ibge_cod": "3135456", "state": "MG", "name": "Jenipapo de Minas" },
  { "ibge_cod": "3135506", "state": "MG", "name": "Jequeri" },
  { "ibge_cod": "3135605", "state": "MG", "name": "Jequitaí" },
  { "ibge_cod": "3135704", "state": "MG", "name": "Jequitibá" },
  { "ibge_cod": "3135803", "state": "MG", "name": "Jequitinhonha" },
  { "ibge_cod": "3135902", "state": "MG", "name": "Jesuânia" },
  { "ibge_cod": "3136009", "state": "MG", "name": "Joaíma" },
  { "ibge_cod": "3136108", "state": "MG", "name": "Joanésia" },
  { "ibge_cod": "3136207", "state": "MG", "name": "João Monlevade" },
  { "ibge_cod": "3136306", "state": "MG", "name": "João Pinheiro" },
  { "ibge_cod": "3136405", "state": "MG", "name": "Joaquim Felício" },
  { "ibge_cod": "3136504", "state": "MG", "name": "Jordânia" },
  { "ibge_cod": "3136520", "state": "MG", "name": "José Gonçalves de Minas" },
  { "ibge_cod": "3136553", "state": "MG", "name": "José Raydan" },
  { "ibge_cod": "3136579", "state": "MG", "name": "Josenópolis" },
  { "ibge_cod": "3136652", "state": "MG", "name": "Juatuba" },
  { "ibge_cod": "3136702", "state": "MG", "name": "Juiz de Fora" },
  { "ibge_cod": "3136801", "state": "MG", "name": "Juramento" },
  { "ibge_cod": "3136900", "state": "MG", "name": "Juruaia" },
  { "ibge_cod": "3136959", "state": "MG", "name": "Juvenília" },
  { "ibge_cod": "3137007", "state": "MG", "name": "Ladainha" },
  { "ibge_cod": "3137106", "state": "MG", "name": "Lagamar" },
  { "ibge_cod": "3137205", "state": "MG", "name": "Lagoa da Prata" },
  { "ibge_cod": "3137304", "state": "MG", "name": "Lagoa dos Patos" },
  { "ibge_cod": "3137403", "state": "MG", "name": "Lagoa Dourada" },
  { "ibge_cod": "3137502", "state": "MG", "name": "Lagoa Formosa" },
  { "ibge_cod": "3137536", "state": "MG", "name": "Lagoa Grande" },
  { "ibge_cod": "3137601", "state": "MG", "name": "Lagoa Santa" },
  { "ibge_cod": "3137700", "state": "MG", "name": "Lajinha" },
  { "ibge_cod": "3137809", "state": "MG", "name": "Lambari" },
  { "ibge_cod": "3137908", "state": "MG", "name": "Lamim" },
  { "ibge_cod": "3138005", "state": "MG", "name": "Laranjal" },
  { "ibge_cod": "3138104", "state": "MG", "name": "Lassance" },
  { "ibge_cod": "3138203", "state": "MG", "name": "Lavras" },
  { "ibge_cod": "3138302", "state": "MG", "name": "Leandro Ferreira" },
  { "ibge_cod": "3138351", "state": "MG", "name": "Leme do Prado" },
  { "ibge_cod": "3138401", "state": "MG", "name": "Leopoldina" },
  { "ibge_cod": "3138500", "state": "MG", "name": "Liberdade" },
  { "ibge_cod": "3138609", "state": "MG", "name": "Lima Duarte" },
  { "ibge_cod": "3138625", "state": "MG", "name": "Limeira do Oeste" },
  { "ibge_cod": "3138658", "state": "MG", "name": "Lontra" },
  { "ibge_cod": "3138674", "state": "MG", "name": "Luisburgo" },
  { "ibge_cod": "3138682", "state": "MG", "name": "Luislândia" },
  { "ibge_cod": "3138708", "state": "MG", "name": "Luminárias" },
  { "ibge_cod": "3138807", "state": "MG", "name": "Luz" },
  { "ibge_cod": "3138906", "state": "MG", "name": "Machacalis" },
  { "ibge_cod": "3139003", "state": "MG", "name": "Machado" },
  { "ibge_cod": "3139102", "state": "MG", "name": "Madre de Deus de Minas" },
  { "ibge_cod": "3139201", "state": "MG", "name": "Malacacheta" },
  { "ibge_cod": "3139250", "state": "MG", "name": "Mamonas" },
  { "ibge_cod": "3139300", "state": "MG", "name": "Manga" },
  { "ibge_cod": "3139409", "state": "MG", "name": "Manhuaçu" },
  { "ibge_cod": "3139508", "state": "MG", "name": "Manhumirim" },
  { "ibge_cod": "3139607", "state": "MG", "name": "Mantena" },
  { "ibge_cod": "3139805", "state": "MG", "name": "Mar de Espanha" },
  { "ibge_cod": "3139706", "state": "MG", "name": "Maravilhas" },
  { "ibge_cod": "3139904", "state": "MG", "name": "Maria da Fé" },
  { "ibge_cod": "3140001", "state": "MG", "name": "Mariana" },
  { "ibge_cod": "3140100", "state": "MG", "name": "Marilac" },
  { "ibge_cod": "3140159", "state": "MG", "name": "Mário Campos" },
  { "ibge_cod": "3140209", "state": "MG", "name": "Maripá de Minas" },
  { "ibge_cod": "3140308", "state": "MG", "name": "Marliéria" },
  { "ibge_cod": "3140407", "state": "MG", "name": "Marmelópolis" },
  { "ibge_cod": "3140506", "state": "MG", "name": "Martinho Campos" },
  { "ibge_cod": "3140530", "state": "MG", "name": "Martins Soares" },
  { "ibge_cod": "3140555", "state": "MG", "name": "Mata Verde" },
  { "ibge_cod": "3140605", "state": "MG", "name": "Materlândia" },
  { "ibge_cod": "3140704", "state": "MG", "name": "Mateus Leme" },
  { "ibge_cod": "3171501", "state": "MG", "name": "Mathias Lobato" },
  { "ibge_cod": "3140803", "state": "MG", "name": "Matias Barbosa" },
  { "ibge_cod": "3140852", "state": "MG", "name": "Matias Cardoso" },
  { "ibge_cod": "3140902", "state": "MG", "name": "Matipó" },
  { "ibge_cod": "3141009", "state": "MG", "name": "Mato Verde" },
  { "ibge_cod": "3141108", "state": "MG", "name": "Matozinhos" },
  { "ibge_cod": "3141207", "state": "MG", "name": "Matutina" },
  { "ibge_cod": "3141306", "state": "MG", "name": "Medeiros" },
  { "ibge_cod": "3141405", "state": "MG", "name": "Medina" },
  { "ibge_cod": "3141504", "state": "MG", "name": "Mendes Pimentel" },
  { "ibge_cod": "3141603", "state": "MG", "name": "Mercês" },
  { "ibge_cod": "3141702", "state": "MG", "name": "Mesquita" },
  { "ibge_cod": "3141801", "state": "MG", "name": "Minas Novas" },
  { "ibge_cod": "3141900", "state": "MG", "name": "Minduri" },
  { "ibge_cod": "3142007", "state": "MG", "name": "Mirabela" },
  { "ibge_cod": "3142106", "state": "MG", "name": "Miradouro" },
  { "ibge_cod": "3142205", "state": "MG", "name": "Miraí" },
  { "ibge_cod": "3142254", "state": "MG", "name": "Miravânia" },
  { "ibge_cod": "3142304", "state": "MG", "name": "Moeda" },
  { "ibge_cod": "3142403", "state": "MG", "name": "Moema" },
  { "ibge_cod": "3142502", "state": "MG", "name": "Monjolos" },
  { "ibge_cod": "3142601", "state": "MG", "name": "Monsenhor Paulo" },
  { "ibge_cod": "3142700", "state": "MG", "name": "Montalvânia" },
  { "ibge_cod": "3142809", "state": "MG", "name": "Monte Alegre de Minas" },
  { "ibge_cod": "3142908", "state": "MG", "name": "Monte Azul" },
  { "ibge_cod": "3143005", "state": "MG", "name": "Monte Belo" },
  { "ibge_cod": "3143104", "state": "MG", "name": "Monte Carmelo" },
  { "ibge_cod": "3143153", "state": "MG", "name": "Monte Formoso" },
  { "ibge_cod": "3143203", "state": "MG", "name": "Monte Santo de Minas" },
  { "ibge_cod": "3143401", "state": "MG", "name": "Monte Sião" },
  { "ibge_cod": "3143302", "state": "MG", "name": "Montes Claros" },
  { "ibge_cod": "3143450", "state": "MG", "name": "Montezuma" },
  { "ibge_cod": "3143500", "state": "MG", "name": "Morada Nova de Minas" },
  { "ibge_cod": "3143609", "state": "MG", "name": "Morro da Garça" },
  { "ibge_cod": "3143708", "state": "MG", "name": "Morro do Pilar" },
  { "ibge_cod": "3143807", "state": "MG", "name": "Munhoz" },
  { "ibge_cod": "3143906", "state": "MG", "name": "Muriaé" },
  { "ibge_cod": "3144003", "state": "MG", "name": "Mutum" },
  { "ibge_cod": "3144102", "state": "MG", "name": "Muzambinho" },
  { "ibge_cod": "3144201", "state": "MG", "name": "Nacip Raydan" },
  { "ibge_cod": "3144300", "state": "MG", "name": "Nanuque" },
  { "ibge_cod": "3144359", "state": "MG", "name": "Naque" },
  { "ibge_cod": "3144375", "state": "MG", "name": "Natalândia" },
  { "ibge_cod": "3144409", "state": "MG", "name": "Natércia" },
  { "ibge_cod": "3144508", "state": "MG", "name": "Nazareno" },
  { "ibge_cod": "3144607", "state": "MG", "name": "Nepomuceno" },
  { "ibge_cod": "3144656", "state": "MG", "name": "Ninheira" },
  { "ibge_cod": "3144672", "state": "MG", "name": "Nova Belém" },
  { "ibge_cod": "3144706", "state": "MG", "name": "Nova Era" },
  { "ibge_cod": "3144805", "state": "MG", "name": "Nova Lima" },
  { "ibge_cod": "3144904", "state": "MG", "name": "Nova Módica" },
  { "ibge_cod": "3145000", "state": "MG", "name": "Nova Ponte" },
  { "ibge_cod": "3145059", "state": "MG", "name": "Nova Porteirinha" },
  { "ibge_cod": "3145109", "state": "MG", "name": "Nova Resende" },
  { "ibge_cod": "3145208", "state": "MG", "name": "Nova Serrana" },
  { "ibge_cod": "3136603", "state": "MG", "name": "Nova União" },
  { "ibge_cod": "3145307", "state": "MG", "name": "Novo Cruzeiro" },
  { "ibge_cod": "3145356", "state": "MG", "name": "Novo Oriente de Minas" },
  { "ibge_cod": "3145372", "state": "MG", "name": "Novorizonte" },
  { "ibge_cod": "3145406", "state": "MG", "name": "Olaria" },
  { "ibge_cod": "3145455", "state": "MG", "name": "Olhos d'Água" },
  { "ibge_cod": "3145505", "state": "MG", "name": "Olímpio Noronha" },
  { "ibge_cod": "3145604", "state": "MG", "name": "Oliveira" },
  { "ibge_cod": "3145703", "state": "MG", "name": "Oliveira Fortes" },
  { "ibge_cod": "3145802", "state": "MG", "name": "Onça de Pitangui" },
  { "ibge_cod": "3145851", "state": "MG", "name": "Oratórios" },
  { "ibge_cod": "3145877", "state": "MG", "name": "Orizânia" },
  { "ibge_cod": "3145901", "state": "MG", "name": "Ouro Branco" },
  { "ibge_cod": "3146008", "state": "MG", "name": "Ouro Fino" },
  { "ibge_cod": "3146107", "state": "MG", "name": "Ouro Preto" },
  { "ibge_cod": "3146206", "state": "MG", "name": "Ouro Verde de Minas" },
  { "ibge_cod": "3146255", "state": "MG", "name": "Padre Carvalho" },
  { "ibge_cod": "3146305", "state": "MG", "name": "Padre Paraíso" },
  { "ibge_cod": "3146552", "state": "MG", "name": "Pai Pedro" },
  { "ibge_cod": "3146404", "state": "MG", "name": "Paineiras" },
  { "ibge_cod": "3146503", "state": "MG", "name": "Pains" },
  { "ibge_cod": "3146602", "state": "MG", "name": "Paiva" },
  { "ibge_cod": "3146701", "state": "MG", "name": "Palma" },
  { "ibge_cod": "3146750", "state": "MG", "name": "Palmópolis" },
  { "ibge_cod": "3146909", "state": "MG", "name": "Papagaios" },
  { "ibge_cod": "3147105", "state": "MG", "name": "Pará de Minas" },
  { "ibge_cod": "3147006", "state": "MG", "name": "Paracatu" },
  { "ibge_cod": "3147204", "state": "MG", "name": "Paraguaçu" },
  { "ibge_cod": "3147303", "state": "MG", "name": "Paraisópolis" },
  { "ibge_cod": "3147402", "state": "MG", "name": "Paraopeba" },
  { "ibge_cod": "3147600", "state": "MG", "name": "Passa Quatro" },
  { "ibge_cod": "3147709", "state": "MG", "name": "Passa Tempo" },
  { "ibge_cod": "3147808", "state": "MG", "name": "Passa-Vinte" },
  { "ibge_cod": "3147501", "state": "MG", "name": "Passabém" },
  { "ibge_cod": "3147907", "state": "MG", "name": "Passos" },
  { "ibge_cod": "3147956", "state": "MG", "name": "Patis" },
  { "ibge_cod": "3148004", "state": "MG", "name": "Patos de Minas" },
  { "ibge_cod": "3148103", "state": "MG", "name": "Patrocínio" },
  { "ibge_cod": "3148202", "state": "MG", "name": "Patrocínio do Muriaé" },
  { "ibge_cod": "3148301", "state": "MG", "name": "Paula Cândido" },
  { "ibge_cod": "3148400", "state": "MG", "name": "Paulistas" },
  { "ibge_cod": "3148509", "state": "MG", "name": "Pavão" },
  { "ibge_cod": "3148608", "state": "MG", "name": "Peçanha" },
  { "ibge_cod": "3148707", "state": "MG", "name": "Pedra Azul" },
  { "ibge_cod": "3148756", "state": "MG", "name": "Pedra Bonita" },
  { "ibge_cod": "3148806", "state": "MG", "name": "Pedra do Anta" },
  { "ibge_cod": "3148905", "state": "MG", "name": "Pedra do Indaiá" },
  { "ibge_cod": "3149002", "state": "MG", "name": "Pedra Dourada" },
  { "ibge_cod": "3149101", "state": "MG", "name": "Pedralva" },
  { "ibge_cod": "3149150", "state": "MG", "name": "Pedras de Maria da Cruz" },
  { "ibge_cod": "3149200", "state": "MG", "name": "Pedrinópolis" },
  { "ibge_cod": "3149309", "state": "MG", "name": "Pedro Leopoldo" },
  { "ibge_cod": "3149408", "state": "MG", "name": "Pedro Teixeira" },
  { "ibge_cod": "3149507", "state": "MG", "name": "Pequeri" },
  { "ibge_cod": "3149606", "state": "MG", "name": "Pequi" },
  { "ibge_cod": "3149705", "state": "MG", "name": "Perdigão" },
  { "ibge_cod": "3149804", "state": "MG", "name": "Perdizes" },
  { "ibge_cod": "3149903", "state": "MG", "name": "Perdões" },
  { "ibge_cod": "3149952", "state": "MG", "name": "Periquito" },
  { "ibge_cod": "3150000", "state": "MG", "name": "Pescador" },
  { "ibge_cod": "3150109", "state": "MG", "name": "Piau" },
  { "ibge_cod": "3150158", "state": "MG", "name": "Piedade de Caratinga" },
  { "ibge_cod": "3150208", "state": "MG", "name": "Piedade de Ponte Nova" },
  { "ibge_cod": "3150307", "state": "MG", "name": "Piedade do Rio Grande" },
  { "ibge_cod": "3150406", "state": "MG", "name": "Piedade dos Gerais" },
  { "ibge_cod": "3150505", "state": "MG", "name": "Pimenta" },
  { "ibge_cod": "3150539", "state": "MG", "name": "Pingo-d'Água" },
  { "ibge_cod": "3150570", "state": "MG", "name": "Pintópolis" },
  { "ibge_cod": "3150604", "state": "MG", "name": "Piracema" },
  { "ibge_cod": "3150703", "state": "MG", "name": "Pirajuba" },
  { "ibge_cod": "3150802", "state": "MG", "name": "Piranga" },
  { "ibge_cod": "3150901", "state": "MG", "name": "Piranguçu" },
  { "ibge_cod": "3151008", "state": "MG", "name": "Piranguinho" },
  { "ibge_cod": "3151107", "state": "MG", "name": "Pirapetinga" },
  { "ibge_cod": "3151206", "state": "MG", "name": "Pirapora" },
  { "ibge_cod": "3151305", "state": "MG", "name": "Piraúba" },
  { "ibge_cod": "3151404", "state": "MG", "name": "Pitangui" },
  { "ibge_cod": "3151503", "state": "MG", "name": "Piumhi" },
  { "ibge_cod": "3151602", "state": "MG", "name": "Planura" },
  { "ibge_cod": "3151701", "state": "MG", "name": "Poço Fundo" },
  { "ibge_cod": "3151800", "state": "MG", "name": "Poços de Caldas" },
  { "ibge_cod": "3151909", "state": "MG", "name": "Pocrane" },
  { "ibge_cod": "3152006", "state": "MG", "name": "Pompéu" },
  { "ibge_cod": "3152105", "state": "MG", "name": "Ponte Nova" },
  { "ibge_cod": "3152131", "state": "MG", "name": "Ponto Chique" },
  { "ibge_cod": "3152170", "state": "MG", "name": "Ponto dos Volantes" },
  { "ibge_cod": "3152204", "state": "MG", "name": "Porteirinha" },
  { "ibge_cod": "3152303", "state": "MG", "name": "Porto Firme" },
  { "ibge_cod": "3152402", "state": "MG", "name": "Poté" },
  { "ibge_cod": "3152501", "state": "MG", "name": "Pouso Alegre" },
  { "ibge_cod": "3152600", "state": "MG", "name": "Pouso Alto" },
  { "ibge_cod": "3152709", "state": "MG", "name": "Prados" },
  { "ibge_cod": "3152808", "state": "MG", "name": "Prata" },
  { "ibge_cod": "3152907", "state": "MG", "name": "Pratápolis" },
  { "ibge_cod": "3153004", "state": "MG", "name": "Pratinha" },
  { "ibge_cod": "3153103", "state": "MG", "name": "Presidente Bernardes" },
  { "ibge_cod": "3153202", "state": "MG", "name": "Presidente Juscelino" },
  { "ibge_cod": "3153301", "state": "MG", "name": "Presidente Kubitschek" },
  { "ibge_cod": "3153400", "state": "MG", "name": "Presidente Olegário" },
  { "ibge_cod": "3153608", "state": "MG", "name": "Prudente de Morais" },
  { "ibge_cod": "3153707", "state": "MG", "name": "Quartel Geral" },
  { "ibge_cod": "3153806", "state": "MG", "name": "Queluzito" },
  { "ibge_cod": "3153905", "state": "MG", "name": "Raposos" },
  { "ibge_cod": "3154002", "state": "MG", "name": "Raul Soares" },
  { "ibge_cod": "3154101", "state": "MG", "name": "Recreio" },
  { "ibge_cod": "3154150", "state": "MG", "name": "Reduto" },
  { "ibge_cod": "3154200", "state": "MG", "name": "Resende Costa" },
  { "ibge_cod": "3154309", "state": "MG", "name": "Resplendor" },
  { "ibge_cod": "3154408", "state": "MG", "name": "Ressaquinha" },
  { "ibge_cod": "3154457", "state": "MG", "name": "Riachinho" },
  { "ibge_cod": "3154507", "state": "MG", "name": "Riacho dos Machados" },
  { "ibge_cod": "3154606", "state": "MG", "name": "Ribeirão das Neves" },
  { "ibge_cod": "3154705", "state": "MG", "name": "Ribeirão Vermelho" },
  { "ibge_cod": "3154804", "state": "MG", "name": "Rio Acima" },
  { "ibge_cod": "3154903", "state": "MG", "name": "Rio Casca" },
  { "ibge_cod": "3155108", "state": "MG", "name": "Rio do Prado" },
  { "ibge_cod": "3155009", "state": "MG", "name": "Rio Doce" },
  { "ibge_cod": "3155207", "state": "MG", "name": "Rio Espera" },
  { "ibge_cod": "3155306", "state": "MG", "name": "Rio Manso" },
  { "ibge_cod": "3155405", "state": "MG", "name": "Rio Novo" },
  { "ibge_cod": "3155504", "state": "MG", "name": "Rio Paranaíba" },
  { "ibge_cod": "3155603", "state": "MG", "name": "Rio Pardo de Minas" },
  { "ibge_cod": "3155702", "state": "MG", "name": "Rio Piracicaba" },
  { "ibge_cod": "3155801", "state": "MG", "name": "Rio Pomba" },
  { "ibge_cod": "3155900", "state": "MG", "name": "Rio Preto" },
  { "ibge_cod": "3156007", "state": "MG", "name": "Rio Vermelho" },
  { "ibge_cod": "3156106", "state": "MG", "name": "Ritápolis" },
  { "ibge_cod": "3156205", "state": "MG", "name": "Rochedo de Minas" },
  { "ibge_cod": "3156304", "state": "MG", "name": "Rodeiro" },
  { "ibge_cod": "3156403", "state": "MG", "name": "Romaria" },
  { "ibge_cod": "3156452", "state": "MG", "name": "Rosário da Limeira" },
  { "ibge_cod": "3156502", "state": "MG", "name": "Rubelita" },
  { "ibge_cod": "3156601", "state": "MG", "name": "Rubim" },
  { "ibge_cod": "3156700", "state": "MG", "name": "Sabará" },
  { "ibge_cod": "3156809", "state": "MG", "name": "Sabinópolis" },
  { "ibge_cod": "3156908", "state": "MG", "name": "Sacramento" },
  { "ibge_cod": "3157005", "state": "MG", "name": "Salinas" },
  { "ibge_cod": "3157104", "state": "MG", "name": "Salto da Divisa" },
  { "ibge_cod": "3157203", "state": "MG", "name": "Santa Bárbara" },
  { "ibge_cod": "3157252", "state": "MG", "name": "Santa Bárbara do Leste" },
  { "ibge_cod": "3157278", "state": "MG", "name": "Santa Bárbara do Monte Verde" },
  { "ibge_cod": "3157302", "state": "MG", "name": "Santa Bárbara do Tugúrio" },
  { "ibge_cod": "3157336", "state": "MG", "name": "Santa Cruz de Minas" },
  { "ibge_cod": "3157377", "state": "MG", "name": "Santa Cruz de Salinas" },
  { "ibge_cod": "3157401", "state": "MG", "name": "Santa Cruz do Escalvado" },
  { "ibge_cod": "3157500", "state": "MG", "name": "Santa Efigênia de Minas" },
  { "ibge_cod": "3157609", "state": "MG", "name": "Santa Fé de Minas" },
  { "ibge_cod": "3157658", "state": "MG", "name": "Santa Helena de Minas" },
  { "ibge_cod": "3157708", "state": "MG", "name": "Santa Juliana" },
  { "ibge_cod": "3157807", "state": "MG", "name": "Santa Luzia" },
  { "ibge_cod": "3157906", "state": "MG", "name": "Santa Margarida" },
  { "ibge_cod": "3158003", "state": "MG", "name": "Santa Maria de Itabira" },
  { "ibge_cod": "3158102", "state": "MG", "name": "Santa Maria do Salto" },
  { "ibge_cod": "3158201", "state": "MG", "name": "Santa Maria do Suaçuí" },
  { "ibge_cod": "3159209", "state": "MG", "name": "Santa Rita de Caldas" },
  { "ibge_cod": "3159407", "state": "MG", "name": "Santa Rita de Ibitipoca" },
  { "ibge_cod": "3159308", "state": "MG", "name": "Santa Rita de Jacutinga" },
  { "ibge_cod": "3159357", "state": "MG", "name": "Santa Rita de Minas" },
  { "ibge_cod": "3159506", "state": "MG", "name": "Santa Rita do Itueto" },
  { "ibge_cod": "3159605", "state": "MG", "name": "Santa Rita do Sapucaí" },
  { "ibge_cod": "3159704", "state": "MG", "name": "Santa Rosa da Serra" },
  { "ibge_cod": "3159803", "state": "MG", "name": "Santa Vitória" },
  { "ibge_cod": "3158300", "state": "MG", "name": "Santana da Vargem" },
  { "ibge_cod": "3158409", "state": "MG", "name": "Santana de Cataguases" },
  { "ibge_cod": "3158508", "state": "MG", "name": "Santana de Pirapama" },
  { "ibge_cod": "3158607", "state": "MG", "name": "Santana do Deserto" },
  { "ibge_cod": "3158706", "state": "MG", "name": "Santana do Garambéu" },
  { "ibge_cod": "3158805", "state": "MG", "name": "Santana do Jacaré" },
  { "ibge_cod": "3158904", "state": "MG", "name": "Santana do Manhuaçu" },
  { "ibge_cod": "3158953", "state": "MG", "name": "Santana do Paraíso" },
  { "ibge_cod": "3159001", "state": "MG", "name": "Santana do Riacho" },
  { "ibge_cod": "3159100", "state": "MG", "name": "Santana dos Montes" },
  { "ibge_cod": "3159902", "state": "MG", "name": "Santo Antônio do Amparo" },
  { "ibge_cod": "3160009", "state": "MG", "name": "Santo Antônio do Aventureiro" },
  { "ibge_cod": "3160108", "state": "MG", "name": "Santo Antônio do Grama" },
  { "ibge_cod": "3160207", "state": "MG", "name": "Santo Antônio do Itambé" },
  { "ibge_cod": "3160306", "state": "MG", "name": "Santo Antônio do Jacinto" },
  { "ibge_cod": "3160405", "state": "MG", "name": "Santo Antônio do Monte" },
  { "ibge_cod": "3160454", "state": "MG", "name": "Santo Antônio do Retiro" },
  { "ibge_cod": "3160504", "state": "MG", "name": "Santo Antônio do Rio Abaixo" },
  { "ibge_cod": "3160603", "state": "MG", "name": "Santo Hipólito" },
  { "ibge_cod": "3160702", "state": "MG", "name": "Santos Dumont" },
  { "ibge_cod": "3160801", "state": "MG", "name": "São Bento Abade" },
  { "ibge_cod": "3160900", "state": "MG", "name": "São Brás do Suaçuí" },
  { "ibge_cod": "3160959", "state": "MG", "name": "São Domingos das Dores" },
  { "ibge_cod": "3161007", "state": "MG", "name": "São Domingos do Prata" },
  { "ibge_cod": "3161056", "state": "MG", "name": "São Félix de Minas" },
  { "ibge_cod": "3161106", "state": "MG", "name": "São Francisco" },
  { "ibge_cod": "3161205", "state": "MG", "name": "São Francisco de Paula" },
  { "ibge_cod": "3161304", "state": "MG", "name": "São Francisco de Sales" },
  { "ibge_cod": "3161403", "state": "MG", "name": "São Francisco do Glória" },
  { "ibge_cod": "3161502", "state": "MG", "name": "São Geraldo" },
  { "ibge_cod": "3161601", "state": "MG", "name": "São Geraldo da Piedade" },
  { "ibge_cod": "3161650", "state": "MG", "name": "São Geraldo do Baixio" },
  { "ibge_cod": "3161700", "state": "MG", "name": "São Gonçalo do Abaeté" },
  { "ibge_cod": "3161809", "state": "MG", "name": "São Gonçalo do Pará" },
  { "ibge_cod": "3161908", "state": "MG", "name": "São Gonçalo do Rio Abaixo" },
  { "ibge_cod": "3125507", "state": "MG", "name": "São Gonçalo do Rio Preto" },
  { "ibge_cod": "3162005", "state": "MG", "name": "São Gonçalo do Sapucaí" },
  { "ibge_cod": "3162104", "state": "MG", "name": "São Gotardo" },
  { "ibge_cod": "3162203", "state": "MG", "name": "São João Batista do Glória" },
  { "ibge_cod": "3162252", "state": "MG", "name": "São João da Lagoa" },
  { "ibge_cod": "3162302", "state": "MG", "name": "São João da Mata" },
  { "ibge_cod": "3162401", "state": "MG", "name": "São João da Ponte" },
  { "ibge_cod": "3162450", "state": "MG", "name": "São João das Missões" },
  { "ibge_cod": "3162500", "state": "MG", "name": "São João del Rei" },
  { "ibge_cod": "3162559", "state": "MG", "name": "São João do Manhuaçu" },
  { "ibge_cod": "3162575", "state": "MG", "name": "São João do Manteninha" },
  { "ibge_cod": "3162609", "state": "MG", "name": "São João do Oriente" },
  { "ibge_cod": "3162658", "state": "MG", "name": "São João do Pacuí" },
  { "ibge_cod": "3162708", "state": "MG", "name": "São João do Paraíso" },
  { "ibge_cod": "3162807", "state": "MG", "name": "São João Evangelista" },
  { "ibge_cod": "3162906", "state": "MG", "name": "São João Nepomuceno" },
  { "ibge_cod": "3162922", "state": "MG", "name": "São Joaquim de Bicas" },
  { "ibge_cod": "3162948", "state": "MG", "name": "São José da Barra" },
  { "ibge_cod": "3162955", "state": "MG", "name": "São José da Lapa" },
  { "ibge_cod": "3163003", "state": "MG", "name": "São José da Safira" },
  { "ibge_cod": "3163102", "state": "MG", "name": "São José da Varginha" },
  { "ibge_cod": "3163201", "state": "MG", "name": "São José do Alegre" },
  { "ibge_cod": "3163300", "state": "MG", "name": "São José do Divino" },
  { "ibge_cod": "3163409", "state": "MG", "name": "São José do Goiabal" },
  { "ibge_cod": "3163508", "state": "MG", "name": "São José do Jacuri" },
  { "ibge_cod": "3163607", "state": "MG", "name": "São José do Mantimento" },
  { "ibge_cod": "3163706", "state": "MG", "name": "São Lourenço" },
  { "ibge_cod": "3163805", "state": "MG", "name": "São Miguel do Anta" },
  { "ibge_cod": "3163904", "state": "MG", "name": "São Pedro da União" },
  { "ibge_cod": "3164100", "state": "MG", "name": "São Pedro do Suaçuí" },
  { "ibge_cod": "3164001", "state": "MG", "name": "São Pedro dos Ferros" },
  { "ibge_cod": "3164209", "state": "MG", "name": "São Romão" },
  { "ibge_cod": "3164308", "state": "MG", "name": "São Roque de Minas" },
  { "ibge_cod": "3164407", "state": "MG", "name": "São Sebastião da Bela Vista" },
  { "ibge_cod": "3164431", "state": "MG", "name": "São Sebastião da Vargem Alegre" },
  { "ibge_cod": "3164472", "state": "MG", "name": "São Sebastião do Anta" },
  { "ibge_cod": "3164506", "state": "MG", "name": "São Sebastião do Maranhão" },
  { "ibge_cod": "3164605", "state": "MG", "name": "São Sebastião do Oeste" },
  { "ibge_cod": "3164704", "state": "MG", "name": "São Sebastião do Paraíso" },
  { "ibge_cod": "3164803", "state": "MG", "name": "São Sebastião do Rio Preto" },
  { "ibge_cod": "3164902", "state": "MG", "name": "São Sebastião do Rio Verde" },
  { "ibge_cod": "3165206", "state": "MG", "name": "São Thomé das Letras" },
  { "ibge_cod": "3165008", "state": "MG", "name": "São Tiago" },
  { "ibge_cod": "3165107", "state": "MG", "name": "São Tomás de Aquino" },
  { "ibge_cod": "3165305", "state": "MG", "name": "São Vicente de Minas" },
  { "ibge_cod": "3165404", "state": "MG", "name": "Sapucaí-Mirim" },
  { "ibge_cod": "3165503", "state": "MG", "name": "Sardoá" },
  { "ibge_cod": "3165537", "state": "MG", "name": "Sarzedo" },
  { "ibge_cod": "3165560", "state": "MG", "name": "Sem-Peixe" },
  { "ibge_cod": "3165578", "state": "MG", "name": "Senador Amaral" },
  { "ibge_cod": "3165602", "state": "MG", "name": "Senador Cortes" },
  { "ibge_cod": "3165701", "state": "MG", "name": "Senador Firmino" },
  { "ibge_cod": "3165800", "state": "MG", "name": "Senador José Bento" },
  { "ibge_cod": "3165909", "state": "MG", "name": "Senador Modestino Gonçalves" },
  { "ibge_cod": "3166006", "state": "MG", "name": "Senhora de Oliveira" },
  { "ibge_cod": "3166105", "state": "MG", "name": "Senhora do Porto" },
  { "ibge_cod": "3166204", "state": "MG", "name": "Senhora dos Remédios" },
  { "ibge_cod": "3166303", "state": "MG", "name": "Sericita" },
  { "ibge_cod": "3166402", "state": "MG", "name": "Seritinga" },
  { "ibge_cod": "3166501", "state": "MG", "name": "Serra Azul de Minas" },
  { "ibge_cod": "3166600", "state": "MG", "name": "Serra da Saudade" },
  { "ibge_cod": "3166808", "state": "MG", "name": "Serra do Salitre" },
  { "ibge_cod": "3166709", "state": "MG", "name": "Serra dos Aimorés" },
  { "ibge_cod": "3166907", "state": "MG", "name": "Serrania" },
  { "ibge_cod": "3166956", "state": "MG", "name": "Serranópolis de Minas" },
  { "ibge_cod": "3167004", "state": "MG", "name": "Serranos" },
  { "ibge_cod": "3167103", "state": "MG", "name": "Serro" },
  { "ibge_cod": "3167202", "state": "MG", "name": "Sete Lagoas" },
  { "ibge_cod": "3165552", "state": "MG", "name": "Setubinha" },
  { "ibge_cod": "3167301", "state": "MG", "name": "Silveirânia" },
  { "ibge_cod": "3167400", "state": "MG", "name": "Silvianópolis" },
  { "ibge_cod": "3167509", "state": "MG", "name": "Simão Pereira" },
  { "ibge_cod": "3167608", "state": "MG", "name": "Simonésia" },
  { "ibge_cod": "3167707", "state": "MG", "name": "Sobrália" },
  { "ibge_cod": "3167806", "state": "MG", "name": "Soledade de Minas" },
  { "ibge_cod": "3167905", "state": "MG", "name": "Tabuleiro" },
  { "ibge_cod": "3168002", "state": "MG", "name": "Taiobeiras" },
  { "ibge_cod": "3168051", "state": "MG", "name": "Taparuba" },
  { "ibge_cod": "3168101", "state": "MG", "name": "Tapira" },
  { "ibge_cod": "3168200", "state": "MG", "name": "Tapiraí" },
  { "ibge_cod": "3168309", "state": "MG", "name": "Taquaraçu de Minas" },
  { "ibge_cod": "3168408", "state": "MG", "name": "Tarumirim" },
  { "ibge_cod": "3168507", "state": "MG", "name": "Teixeiras" },
  { "ibge_cod": "3168606", "state": "MG", "name": "Teófilo Otoni" },
  { "ibge_cod": "3168705", "state": "MG", "name": "Timóteo" },
  { "ibge_cod": "3168804", "state": "MG", "name": "Tiradentes" },
  { "ibge_cod": "3168903", "state": "MG", "name": "Tiros" },
  { "ibge_cod": "3169000", "state": "MG", "name": "Tocantins" },
  { "ibge_cod": "3169059", "state": "MG", "name": "Tocos do Moji" },
  { "ibge_cod": "3169109", "state": "MG", "name": "Toledo" },
  { "ibge_cod": "3169208", "state": "MG", "name": "Tombos" },
  { "ibge_cod": "3169307", "state": "MG", "name": "Três Corações" },
  { "ibge_cod": "3169356", "state": "MG", "name": "Três Marias" },
  { "ibge_cod": "3169406", "state": "MG", "name": "Três Pontas" },
  { "ibge_cod": "3169505", "state": "MG", "name": "Tumiritinga" },
  { "ibge_cod": "3169604", "state": "MG", "name": "Tupaciguara" },
  { "ibge_cod": "3169703", "state": "MG", "name": "Turmalina" },
  { "ibge_cod": "3169802", "state": "MG", "name": "Turvolândia" },
  { "ibge_cod": "3169901", "state": "MG", "name": "Ubá" },
  { "ibge_cod": "3170008", "state": "MG", "name": "Ubaí" },
  { "ibge_cod": "3170057", "state": "MG", "name": "Ubaporanga" },
  { "ibge_cod": "3170107", "state": "MG", "name": "Uberaba" },
  { "ibge_cod": "3170206", "state": "MG", "name": "Uberlândia" },
  { "ibge_cod": "3170305", "state": "MG", "name": "Umburatiba" },
  { "ibge_cod": "3170404", "state": "MG", "name": "Unaí" },
  { "ibge_cod": "3170438", "state": "MG", "name": "União de Minas" },
  { "ibge_cod": "3170479", "state": "MG", "name": "Uruana de Minas" },
  { "ibge_cod": "3170503", "state": "MG", "name": "Urucânia" },
  { "ibge_cod": "3170529", "state": "MG", "name": "Urucuia" },
  { "ibge_cod": "3170578", "state": "MG", "name": "Vargem Alegre" },
  { "ibge_cod": "3170602", "state": "MG", "name": "Vargem Bonita" },
  { "ibge_cod": "3170651", "state": "MG", "name": "Vargem Grande do Rio Pardo" },
  { "ibge_cod": "3170701", "state": "MG", "name": "Varginha" },
  { "ibge_cod": "3170750", "state": "MG", "name": "Varjão de Minas" },
  { "ibge_cod": "3170800", "state": "MG", "name": "Várzea da Palma" },
  { "ibge_cod": "3170909", "state": "MG", "name": "Varzelândia" },
  { "ibge_cod": "3171006", "state": "MG", "name": "Vazante" },
  { "ibge_cod": "3171030", "state": "MG", "name": "Verdelândia" },
  { "ibge_cod": "3171071", "state": "MG", "name": "Veredinha" },
  { "ibge_cod": "3171105", "state": "MG", "name": "Veríssimo" },
  { "ibge_cod": "3171154", "state": "MG", "name": "Vermelho Novo" },
  { "ibge_cod": "3171204", "state": "MG", "name": "Vespasiano" },
  { "ibge_cod": "3171303", "state": "MG", "name": "Viçosa" },
  { "ibge_cod": "3171402", "state": "MG", "name": "Vieiras" },
  { "ibge_cod": "3171600", "state": "MG", "name": "Virgem da Lapa" },
  { "ibge_cod": "3171709", "state": "MG", "name": "Virgínia" },
  { "ibge_cod": "3171808", "state": "MG", "name": "Virginópolis" },
  { "ibge_cod": "3171907", "state": "MG", "name": "Virgolândia" },
  { "ibge_cod": "3172004", "state": "MG", "name": "Visconde do Rio Branco" },
  { "ibge_cod": "3172103", "state": "MG", "name": "Volta Grande" },
  { "ibge_cod": "3172202", "state": "MG", "name": "Wenceslau Braz" }
]